{"cameraMode":{"drawMode":0,"name":"Shaded","section":"Shading Mode"},"sceneLighting":false,"audioPlay":false,"sceneViewState":{"showFog":true,"showMaterialUpdate":false,"showSkybox":false,"showFlares":true,"showImageEffects":true,"showParticleSystems":true,"showVisualEffectGraphs":true,"m_FxEnabled":true},"in2DMode":false,"pivot":{"x":14.352712631225586,"y":4.929999828338623,"z":-2.5948777198791506},"rotation":{"x":0.22611449658870698,"y":-0.04089847579598427,"z":0.009488682262599469,"w":0.9731139540672302},"size":1.971175193786621,"orthographic":false}