{"cameraMode":{"drawMode":0,"name":"Shaded","section":"Shading Mode"},"sceneLighting":true,"audioPlay":false,"sceneViewState":{"showFog":true,"showMaterialUpdate":false,"showSkybox":true,"showFlares":true,"showImageEffects":true,"showParticleSystems":true,"showVisualEffectGraphs":true,"m_FxEnabled":true},"in2DMode":false,"pivot":{"x":13.069920539855957,"y":3.1106953620910646,"z":-9.29391098022461},"rotation":{"x":0.1822524219751358,"y":-0.008865607902407647,"z":0.001524594146758318,"w":0.9830776453018189},"size":2.0529403686523439,"orthographic":false}