{"cameraMode":{"drawMode":0,"name":"Shaded","section":"Shading Mode"},"sceneLighting":true,"audioPlay":false,"sceneViewState":{"showFog":true,"showMaterialUpdate":false,"showSkybox":true,"showFlares":true,"showImageEffects":true,"showParticleSystems":true,"showVisualEffectGraphs":true,"m_FxEnabled":true},"in2DMode":false,"pivot":{"x":-2.9160773754119875,"y":-1.1794734001159669,"z":-0.9918597936630249},"rotation":{"x":0.15941931307315827,"y":-0.09167402237653732,"z":0.014778193086385727,"w":0.9827521443367004},"size":8.489453315734864,"orthographic":false}