{"cameraMode":{"drawMode":0,"name":"Shaded","section":"Shading Mode"},"sceneLighting":true,"audioPlay":false,"sceneViewState":{"showFog":true,"showMaterialUpdate":false,"showSkybox":true,"showFlares":true,"showImageEffects":true,"showParticleSystems":true,"showVisualEffectGraphs":true,"m_FxEnabled":true},"in2DMode":false,"pivot":{"x":-5.140139579772949,"y":-0.2669110596179962,"z":1.9178146123886109},"rotation":{"x":0.19699859619140626,"y":-0.001482904190197587,"z":0.0002524084993638098,"w":0.9803321361541748},"size":6.485113143920898,"orthographic":false}